{
  "library": "galleon",
  "version": "0.1.0",
  "threads": 11,
  "auto_detected": true,
  "results": null,
  "by_size": {
    "10000": {
      "filter": {
        "median": 0.003,
        "min": 0.003,
        "max": 0.004,
        "mean": 0.0033,
        "all_times": [
          0.003,
          0.003,
          0.003,
          0.003,
          0.003,
          0.003,
          0.003,
          0.004,
          0.004,
          0.004
        ]
      },
      "groupby_sum": {
        "median": 0.042,
        "min": 0.027,
        "max": 0.06,
        "mean": 0.0421,
        "all_times": [
          0.027,
          0.03,
          0.033,
          0.034,
          0.039,
          0.042,
          0.043,
          0.055,
          0.058,
          0.06
        ]
      },
      "inner_join": {
        "median": 0.24,
        "min": 0.176,
        "max": 0.347,
        "mean": 0.2378,
        "all_times": [
          0.176,
          0.179,
          0.192,
          0.198,
          0.229,
          0.24,
          0.269,
          0.27,
          0.278,
          0.347
        ]
      },
      "left_join": {
        "median": 0.246,
        "min": 0.207,
        "max": 0.455,
        "mean": 0.25820000000000004,
        "all_times": [
          0.207,
          0.214,
          0.22,
          0.234,
          0.241,
          0.246,
          0.248,
          0.25,
          0.267,
          0.455
        ]
      },
      "max": {
        "median": 0.001,
        "min": 0.001,
        "max": 0.001,
        "mean": 0.0010000000000000002,
        "all_times": [
          0.001,
          0.001,
          0.001,
          0.001,
          0.001,
          0.001,
          0.001,
          0.001,
          0.001,
          0.001
        ]
      },
      "mean": {
        "median": 0.001,
        "min": 0.001,
        "max": 0.001,
        "mean": 0.0010000000000000002,
        "all_times": [
          0.001,
          0.001,
          0.001,
          0.001,
          0.001,
          0.001,
          0.001,
          0.001,
          0.001,
          0.001
        ]
      },
      "min": {
        "median": 0.001,
        "min": 0.001,
        "max": 0.001,
        "mean": 0.0010000000000000002,
        "all_times": [
          0.001,
          0.001,
          0.001,
          0.001,
          0.001,
          0.001,
          0.001,
          0.001,
          0.001,
          0.001
        ]
      },
      "sort": {
        "median": 0.454,
        "min": 0.358,
        "max": 0.512,
        "mean": 0.43710000000000004,
        "all_times": [
          0.358,
          0.375,
          0.39,
          0.406,
          0.422,
          0.454,
          0.459,
          0.497,
          0.498,
          0.512
        ]
      },
      "sum": {
        "median": 0.001,
        "min": 0,
        "max": 0.005,
        "mean": 0.0012000000000000001,
        "all_times": [
          0,
          0,
          0,
          0.001,
          0.001,
          0.001,
          0.001,
          0.001,
          0.002,
          0.005
        ]
      }
    },
    "100000": {
      "filter": {
        "median": 0.03,
        "min": 0.03,
        "max": 0.036,
        "mean": 0.0306,
        "all_times": [
          0.03,
          0.03,
          0.03,
          0.03,
          0.03,
          0.03,
          0.03,
          0.03,
          0.03,
          0.036
        ]
      },
      "groupby_sum": {
        "median": 0.5,
        "min": 0.427,
        "max": 0.52,
        "mean": 0.4819000000000001,
        "all_times": [
          0.427,
          0.427,
          0.447,
          0.478,
          0.498,
          0.5,
          0.507,
          0.507,
          0.508,
          0.52
        ]
      },
      "inner_join": {
        "median": 2.82,
        "min": 2.286,
        "max": 4.174,
        "mean": 2.951,
        "all_times": [
          2.286,
          2.645,
          2.709,
          2.72,
          2.722,
          2.82,
          2.982,
          3.178,
          3.274,
          4.174
        ]
      },
      "left_join": {
        "median": 2.931,
        "min": 2.408,
        "max": 3.152,
        "mean": 2.8543,
        "all_times": [
          2.408,
          2.52,
          2.697,
          2.824,
          2.859,
          2.931,
          3.034,
          3.055,
          3.063,
          3.152
        ]
      },
      "max": {
        "median": 0.008,
        "min": 0.007,
        "max": 0.008,
        "mean": 0.007800000000000001,
        "all_times": [
          0.007,
          0.007,
          0.008,
          0.008,
          0.008,
          0.008,
          0.008,
          0.008,
          0.008,
          0.008
        ]
      },
      "mean": {
        "median": 0.008,
        "min": 0.008,
        "max": 0.008,
        "mean": 0.008000000000000002,
        "all_times": [
          0.008,
          0.008,
          0.008,
          0.008,
          0.008,
          0.008,
          0.008,
          0.008,
          0.008,
          0.008
        ]
      },
      "min": {
        "median": 0.008,
        "min": 0.008,
        "max": 0.008,
        "mean": 0.008000000000000002,
        "all_times": [
          0.008,
          0.008,
          0.008,
          0.008,
          0.008,
          0.008,
          0.008,
          0.008,
          0.008,
          0.008
        ]
      },
      "sort": {
        "median": 2.912,
        "min": 2.802,
        "max": 3,
        "mean": 2.8918,
        "all_times": [
          2.802,
          2.82,
          2.826,
          2.868,
          2.87,
          2.912,
          2.912,
          2.927,
          2.981,
          3
        ]
      },
      "sum": {
        "median": 0.008,
        "min": 0.008,
        "max": 0.008,
        "mean": 0.008000000000000002,
        "all_times": [
          0.008,
          0.008,
          0.008,
          0.008,
          0.008,
          0.008,
          0.008,
          0.008,
          0.008,
          0.008
        ]
      }
    },
    "1000000": {
      "filter": {
        "median": 0.31,
        "min": 0.303,
        "max": 0.327,
        "mean": 0.3112,
        "all_times": [
          0.303,
          0.303,
          0.306,
          0.308,
          0.309,
          0.31,
          0.314,
          0.316,
          0.316,
          0.327
        ]
      },
      "groupby_sum": {
        "median": 6.315,
        "min": 6.186,
        "max": 6.531,
        "mean": 6.3263,
        "all_times": [
          6.186,
          6.196,
          6.207,
          6.222,
          6.243,
          6.315,
          6.419,
          6.451,
          6.493,
          6.531
        ]
      },
      "inner_join": {
        "median": 27.731,
        "min": 24.979,
        "max": 31.341,
        "mean": 27.6378,
        "all_times": [
          24.979,
          26.182,
          26.193,
          26.336,
          27.707,
          27.731,
          27.995,
          28.642,
          29.272,
          31.341
        ]
      },
      "left_join": {
        "median": 28.467,
        "min": 26.207,
        "max": 35.642,
        "mean": 29.626299999999997,
        "all_times": [
          26.207,
          27.043,
          27.119,
          27.473,
          27.687,
          28.467,
          30.429,
          31.545,
          34.651,
          35.642
        ]
      },
      "max": {
        "median": 0.087,
        "min": 0.081,
        "max": 0.096,
        "mean": 0.08709999999999998,
        "all_times": [
          0.081,
          0.081,
          0.084,
          0.084,
          0.086,
          0.087,
          0.088,
          0.09,
          0.094,
          0.096
        ]
      },
      "mean": {
        "median": 0.087,
        "min": 0.082,
        "max": 0.098,
        "mean": 0.08859999999999998,