{
  "library": "galleon",
  "version": "0.1.0",
  "threads": 11,
  "auto_detected": true,
  "results": null,
  "by_size": {
    "10000": {
      "filter": {
        "median": 0.004,
        "min": 0.003,
        "max": 0.005,
        "mean": 0.0039,
        "all_times": [
          0.003,
          0.003,
          0.004,
          0.004,
          0.004,
          0.004,
          0.004,
          0.004,
          0.004,
          0.005
        ]
      },
      "groupby_sum": {
        "median": 0.044,
        "min": 0.028,
        "max": 0.058,
        "mean": 0.0435,
        "all_times": [
          0.028,
          0.031,
          0.033,
          0.041,
          0.042,
          0.044,
          0.047,
          0.055,
          0.056,
          0.058
        ]
      },
      "inner_join": {
        "median": 0.235,
        "min": 0.18,
        "max": 0.305,
        "mean": 0.2351,
        "all_times": [
          0.18,
          0.189,
          0.2,
          0.212,
          0.213,
          0.235,
          0.242,
          0.275,
          0.3,
          0.305
        ]
      },
      "left_join": {
        "median": 0.243,
        "min": 0.22,
        "max": 0.317,
        "mean": 0.2517,
        "all_times": [
          0.22,
          0.229,
          0.232,
          0.24,
          0.241,
          0.243,
          0.25,
          0.272,
          0.273,
          0.317
        ]
      },
      "max": {
        "median": 0.001,
        "min": 0.001,
        "max": 0.001,
        "mean": 0.0010000000000000002,
        "all_times": [
          0.001,
          0.001,
          0.001,
          0.001,
          0.001,
          0.001,
          0.001,
          0.001,
          0.001,
          0.001
        ]
      },
      "mean": {
        "median": 0.001,
        "min": 0.001,
        "max": 0.001,
        "mean": 0.0010000000000000002,
        "all_times": [
          0.001,
          0.001,
          0.001,
          0.001,
          0.001,
          0.001,
          0.001,
          0.001,
          0.001,
          0.001
        ]
      },
      "min": {
        "median": 0.001,
        "min": 0.001,
        "max": 0.001,
        "mean": 0.0010000000000000002,
        "all_times": [
          0.001,
          0.001,
          0.001,
          0.001,
          0.001,
          0.001,
          0.001,
          0.001,
          0.001,
          0.001
        ]
      },
      "sort": {
        "median": 0.413,
        "min": 0.396,
        "max": 0.496,
        "mean": 0.4314,
        "all_times": [
          0.396,
          0.4,
          0.411,
          0.411,
          0.413,
          0.413,
          0.443,
          0.453,
          0.478,
          0.496
        ]
      },
      "sum": {
        "median": 0.001,
        "min": 0.001,
        "max": 0.003,
        "mean": 0.0013000000000000002,
        "all_times": [
          0.001,
          0.001,
          0.001,
          0.001,
          0.001,
          0.001,
          0.001,
          0.001,
          0.002,
          0.003
        ]
      }
    },
    "100000": {
      "filter": {
        "median": 0.03,
        "min": 0.03,
        "max": 0.034,
        "mean": 0.031000000000000007,
        "all_times": [
          0.03,
          0.03,
          0.03,
          0.03,
          0.03,
          0.03,
          0.031,
          0.032,
          0.033,
          0.034
        ]
      },
      "groupby_sum": {
        "median": 0.458,
        "min": 0.426,
        "max": 0.476,
        "mean": 0.4516,
        "all_times": [
          0.426,
          0.428,
          0.433,
          0.449,
          0.453,
          0.458,
          0.461,
          0.464,
          0.468,
          0.476
        ]
      },
      "inner_join": {
        "median": 2.478,
        "min": 2.213,
        "max": 2.7,
        "mean": 2.4561,
        "all_times": [
          2.213,
          2.277,
          2.287,
          2.415,
          2.431,
          2.478,
          2.529,
          2.6,
          2.631,
          2.7
        ]
      },
      "left_join": {
        "median": 2.515,
        "min": 2.313,
        "max": 2.878,
        "mean": 2.5580000000000007,
        "all_times": [
          2.313,
          2.422,
          2.472,
          2.48,
          2.514,
          2.515,
          2.609,
          2.675,
          2.702,
          2.878
        ]
      },
      "max": {
        "median": 0.008,
        "min": 0.008,
        "max": 0.01,
        "mean": 0.008499999999999999,
        "all_times": [
          0.008,
          0.008,
          0.008,
          0.008,
          0.008,
          0.008,
          0.009,
          0.009,
          0.009,
          0.01
        ]
      },
      "mean": {
        "median": 0.008,
        "min": 0.008,
        "max": 0.01,
        "mean": 0.008499999999999999,
        "all_times": [
          0.008,
          0.008,
          0.008,
          0.008,
          0.008,
          0.008,
          0.008,
          0.009,
          0.01,
          0.01
        ]
      },
      "min": {
        "median": 0.009,
        "min": 0.008,
        "max": 0.01,
        "mean": 0.008799999999999999,
        "all_times": [
          0.008,
          0.008,
          0.008,
          0.008,
          0.008,
          0.009,
          0.009,
          0.01,
          0.01,
          0.01
        ]
      },
      "sort": {
        "median": 2.682,
        "min": 2.6,
        "max": 2.871,
        "mean": 2.6813,
        "all_times": [
          2.6,
          2.604,
          2.616,
          2.625,
          2.626,
          2.682,
          2.711,
          2.716,
          2.762,
          2.871
        ]
      },
      "sum": {
        "median": 0.009,
        "min": 0.008,
        "max": 0.011,
        "mean": 0.008799999999999999,
        "all_times": [
          0.008,
          0.008,
          0.008,
          0.008,
          0.009,
          0.009,
          0.009,
          0.009,
          0.009,
          0.011
        ]
      }
    },
    "1000000": {
      "filter": {
        "median": 0.298,
        "min": 0.294,
        "max": 0.303,
        "mean": 0.29719999999999996,
        "all_times": [
          0.294,
          0.295,
          0.295,
          0.295,
          0.297,
          0.298,
          0.298,
          0.298,
          0.299,
          0.303
        ]
      },
      "groupby_sum": {
        "median": 6.036,
        "min": 5.871,
        "max": 6.418,
        "mean": 6.0728,
        "all_times": [
          5.871,
          5.979,
          5.992,
          6.02,
          6.031,
          6.036,
          6.108,
          6.112,
          6.161,
          6.418
        ]
      },
      "inner_join": {
        "median": 27.455,
        "min": 24.991,
        "max": 32.878,
        "mean": 27.4412,
        "all_times": [
          24.991,
          25.435,
          25.774,
          26.408,
          27.113,
          27.455,
          27.766,
          28.247,
          28.345,
          32.878
        ]
      },
      "left_join": {
        "median": 26.096,
        "min": 23.758,
        "max": 28.815,
        "mean": 25.8396,
        "all_times": [
          23.758,
          23.962,
          24.592,
          25.153,
          25.565,
          26.096,
          26.138,
          27.113,
          27.204,
          28.815
        ]
      },
      "max": {
        "median": 0.084,
        "min": 0.08,
        "max": 0.089,
        "mean": 0.0839,
        "all_times": [
          0.08,
          0.081,
          0.082,
          0.083,
          0.084,
          0.084,
          0.084,
          0.084,
          0.088,
          0.089
        ]
      },
      "mean": {
        "median": 0.085,
        "min": 0.079,
        "max": 0.088,
        "mean": 0.0838,